DORK,URL,NUMBER OF RESULTS,
.mlab.com password,https://github.com/search?q=org%3AIBM+.mlab.com+password&type=Code,0,
WFClient Password extension:ica,https://github.com/search?q=org%3AIBM+WFClient+Password+extension%3Aica&type=Code,0,
algolia_admin_key,https://github.com/search?q=org%3AIBM+algolia_admin_key&type=Code,0,
algolia_api_key,https://github.com/search?q=org%3AIBM+algolia_api_key&type=Code,0,
alias_pass,https://github.com/search?q=org%3AIBM+alias_pass&type=Code,0,
alicloud_access_key,https://github.com/search?q=org%3AIBM+alicloud_access_key&type=Code,0,
amazon_secret_access_key,https://github.com/search?q=org%3AIBM+amazon_secret_access_key&type=Code,0,
ansible_vault_password,https://github.com/search?q=org%3AIBM+ansible_vault_password&type=Code,0,
aos_key,https://github.com/search?q=org%3AIBM+aos_key&type=Code,0,
api_key_sid,https://github.com/search?q=org%3AIBM+api_key_sid&type=Code,0,
api.googlemaps AIza,https://github.com/search?q=org%3AIBM+api.googlemaps+AIza&type=Code,0,
appkeysecret,https://github.com/search?q=org%3AIBM+appkeysecret&type=Code,0,
aws_access,https://github.com/search?q=org%3AIBM+aws_access&type=Code,0,
aws_token,https://github.com/search?q=org%3AIBM+aws_token&type=Code,0,
b2_app_key,https://github.com/search?q=org%3AIBM+b2_app_key&type=Code,0,
bintray_gpg_password,https://github.com/search?q=org%3AIBM+bintray_gpg_password&type=Code,0,
bintray_key,https://github.com/search?q=org%3AIBM+bintray_key&type=Code,0,
bintraykey,https://github.com/search?q=org%3AIBM+bintraykey&type=Code,0,
browserstack_access_key,https://github.com/search?q=org%3AIBM+browserstack_access_key&type=Code,0,
bucket_password,https://github.com/search?q=org%3AIBM+bucket_password&type=Code,0,
bucketeer_aws_access_key_id,https://github.com/search?q=org%3AIBM+bucketeer_aws_access_key_id&type=Code,0,
bucketeer_aws_secret_access_key,https://github.com/search?q=org%3AIBM+bucketeer_aws_secret_access_key&type=Code,0,
built_branch_deploy_key,https://github.com/search?q=org%3AIBM+built_branch_deploy_key&type=Code,0,
cache_driver,https://github.com/search?q=org%3AIBM+cache_driver&type=Code,0,
cattle_access_key,https://github.com/search?q=org%3AIBM+cattle_access_key&type=Code,0,
cattle_secret_key,https://github.com/search?q=org%3AIBM+cattle_secret_key&type=Code,0,
certificate_password,https://github.com/search?q=org%3AIBM+certificate_password&type=Code,0,
ci_deploy_password,https://github.com/search?q=org%3AIBM+ci_deploy_password&type=Code,0,
client_zpk_secret_key,https://github.com/search?q=org%3AIBM+client_zpk_secret_key&type=Code,0,
clojars_password,https://github.com/search?q=org%3AIBM+clojars_password&type=Code,0,
cloud_watch_aws_access_key,https://github.com/search?q=org%3AIBM+cloud_watch_aws_access_key&type=Code,0,
cloudflare_api_key,https://github.com/search?q=org%3AIBM+cloudflare_api_key&type=Code,0,
cloudflare_auth_key,https://github.com/search?q=org%3AIBM+cloudflare_auth_key&type=Code,0,
cloudinary_api_secret,https://github.com/search?q=org%3AIBM+cloudinary_api_secret&type=Code,0,
cloudinary_name,https://github.com/search?q=org%3AIBM+cloudinary_name&type=Code,0,
conn.login,https://github.com/search?q=org%3AIBM+conn.login&type=Code,0,
cypress_record_key,https://github.com/search?q=org%3AIBM+cypress_record_key&type=Code,0,
database_schema_test,https://github.com/search?q=org%3AIBM+database_schema_test&type=Code,0,
datadog_api_key,https://github.com/search?q=org%3AIBM+datadog_api_key&type=Code,0,
datadog_app_key,https://github.com/search?q=org%3AIBM+datadog_app_key&type=Code,0,
deploy_password,https://github.com/search?q=org%3AIBM+deploy_password&type=Code,0,
digitalocean_ssh_key_body,https://github.com/search?q=org%3AIBM+digitalocean_ssh_key_body&type=Code,0,
digitalocean_ssh_key_ids,https://github.com/search?q=org%3AIBM+digitalocean_ssh_key_ids&type=Code,0,
docker_passwd,https://github.com/search?q=org%3AIBM+docker_passwd&type=Code,0,
dockerhubpassword,https://github.com/search?q=org%3AIBM+dockerhubpassword&type=Code,0,
dot-files,https://github.com/search?q=org%3AIBM+dot-files&type=Code,0,
droplet_travis_password,https://github.com/search?q=org%3AIBM+droplet_travis_password&type=Code,0,
dynamoaccesskeyid,https://github.com/search?q=org%3AIBM+dynamoaccesskeyid&type=Code,0,
dynamosecretaccesskey,https://github.com/search?q=org%3AIBM+dynamosecretaccesskey&type=Code,0,
elastica_host,https://github.com/search?q=org%3AIBM+elastica_host&type=Code,0,
elastica_port,https://github.com/search?q=org%3AIBM+elastica_port&type=Code,0,
env.heroku_api_key,https://github.com/search?q=org%3AIBM+env.heroku_api_key&type=Code,0,
env.sonatype_password,https://github.com/search?q=org%3AIBM+env.sonatype_password&type=Code,0,
eureka.awssecretkey,https://github.com/search?q=org%3AIBM+eureka.awssecretkey&type=Code,0,
extension:avastlic support.avast.com,https://github.com/search?q=org%3AIBM+extension%3Aavastlic+support.avast.com&type=Code,0,
extension:dbeaver-data-sources.xml,https://github.com/search?q=org%3AIBM+extension%3Adbeaver-data-sources.xml&type=Code,0,
extension:json api.forecast.io,https://github.com/search?q=org%3AIBM+extension%3Ajson+api.forecast.io&type=Code,0,
extension:json googleusercontent client_secret,https://github.com/search?q=org%3AIBM+extension%3Ajson+googleusercontent+client_secret&type=Code,0,
extension:json mongolab.com,https://github.com/search?q=org%3AIBM+extension%3Ajson+mongolab.com&type=Code,0,
extension:ppk,https://github.com/search?q=org%3AIBM+extension%3Appk&type=Code,0,
extension:ppk private,https://github.com/search?q=org%3AIBM+extension%3Appk+private&type=Code,0,
extension:sls,https://github.com/search?q=org%3AIBM+extension%3Asls&type=Code,0,
extension:yaml mongolab.com,https://github.com/search?q=org%3AIBM+extension%3Ayaml+mongolab.com&type=Code,0,
fabricApiSecret,https://github.com/search?q=org%3AIBM+fabricApiSecret&type=Code,0,
facebook_secret,https://github.com/search?q=org%3AIBM+facebook_secret&type=Code,0,
fb_secret,https://github.com/search?q=org%3AIBM+fb_secret&type=Code,0,
filename:.bash_profile aws,https://github.com/search?q=org%3AIBM+filename%3A.bash_profile+aws&type=Code,0,
filename:.bashrc mailchimp,https://github.com/search?q=org%3AIBM+filename%3A.bashrc+mailchimp&type=Code,0,
filename:.bashrc password,https://github.com/search?q=org%3AIBM+filename%3A.bashrc+password&type=Code,0,
filename:.cshrc,https://github.com/search?q=org%3AIBM+filename%3A.cshrc&type=Code,0,
filename:.dockercfg auth,https://github.com/search?q=org%3AIBM+filename%3A.dockercfg+auth&type=Code,0,
filename:.env MAIL_HOSTsmtp.gmail.com,https://github.com/search?q=org%3AIBM+filename%3A.env+MAIL_HOSTsmtp.gmail.com&type=Code,0,
filename:.esmtprc password,https://github.com/search?q=org%3AIBM+filename%3A.esmtprc+password&type=Code,0,
filename:.ftpconfig,https://github.com/search?q=org%3AIBM+filename%3A.ftpconfig&type=Code,0,
filename:.npmrc _auth,https://github.com/search?q=org%3AIBM+filename%3A.npmrc+_auth&type=Code,0,
filename:.pgpass,https://github.com/search?q=org%3AIBM+filename%3A.pgpass&type=Code,0,
filename:.remote-sync.json,https://github.com/search?q=org%3AIBM+filename%3A.remote-sync.json&type=Code,0,
filename:.s3cfg,https://github.com/search?q=org%3AIBM+filename%3A.s3cfg&type=Code,0,
filename:.tugboat NOT _tugboat,https://github.com/search?q=org%3AIBM+filename%3A.tugboat+NOT+_tugboat&type=Code,0,
filename:beanstalkd.yml,https://github.com/search?q=org%3AIBM+filename%3Abeanstalkd.yml&type=Code,0,
filename:CCCam.cfg,https://github.com/search?q=org%3AIBM+filename%3ACCCam.cfg&type=Code,0,
filename:config irc_pass,https://github.com/search?q=org%3AIBM+filename%3Aconfig+irc_pass&type=Code,0,
filename:config.php dbpasswd,https://github.com/search?q=org%3AIBM+filename%3Aconfig.php+dbpasswd&type=Code,0,
filename:configuration.php JConfig password,https://github.com/search?q=org%3AIBM+filename%3Aconfiguration.php+JConfig+password&type=Code,0,
filename:connections.xml,https://github.com/search?q=org%3AIBM+filename%3Aconnections.xml&type=Code,0,
filename:cshrc,https://github.com/search?q=org%3AIBM+filename%3Acshrc&type=Code,0,
filename:dbeaver-data-sources.xml,https://github.com/search?q=org%3AIBM+filename%3Adbeaver-data-sources.xml&type=Code,0,
filename:deploy.rake,https://github.com/search?q=org%3AIBM+filename%3Adeploy.rake&type=Code,0,
filename:deployment-config.json,https://github.com/search?q=org%3AIBM+filename%3Adeployment-config.json&type=Code,0,
filename:dockercfg,https://github.com/search?q=org%3AIBM+filename%3Adockercfg&type=Code,0,
filename:express.conf,https://github.com/search?q=org%3AIBM+filename%3Aexpress.conf&type=Code,0,
filename:express.conf path:.openshift,https://github.com/search?q=org%3AIBM+filename%3Aexpress.conf+path%3A.openshift&type=Code,0,
filename:filezilla.xml,https://github.com/search?q=org%3AIBM+filename%3Afilezilla.xml&type=Code,0,
filename:filezilla.xml Pass,https://github.com/search?q=org%3AIBM+filename%3Afilezilla.xml+Pass&type=Code,0,
filename:hub oauth_token,https://github.com/search?q=org%3AIBM+filename%3Ahub+oauth_token&type=Code,0,
filename:id_dsa,https://github.com/search?q=org%3AIBM+filename%3Aid_dsa&type=Code,0,
filename:id_rsa or filename:id_dsa,https://github.com/search?q=org%3AIBM+filename%3Aid_rsa+or+filename%3Aid_dsa&type=Code,0,
filename:idea14.key,https://github.com/search?q=org%3AIBM+filename%3Aidea14.key&type=Code,0,
filename:known_hosts,https://github.com/search?q=org%3AIBM+filename%3Aknown_hosts&type=Code,0,
filename:logins.json,https://github.com/search?q=org%3AIBM+filename%3Alogins.json&type=Code,0,
filename:master.key path:config,https://github.com/search?q=org%3AIBM+filename%3Amaster.key+path%3Aconfig&type=Code,0,
filename:passwd path:etc,https://github.com/search?q=org%3AIBM+filename%3Apasswd+path%3Aetc&type=Code,0,
filename:pgpass,https://github.com/search?q=org%3AIBM+filename%3Apgpass&type=Code,0,
filename:prod.exs NOT prod.secret.exs,https://github.com/search?q=org%3AIBM+filename%3Aprod.exs+NOT+prod.secret.exs&type=Code,0,
filename:prod.secret.exs,https://github.com/search?q=org%3AIBM+filename%3Aprod.secret.exs&type=Code,0,
filename:proftpdpasswd,https://github.com/search?q=org%3AIBM+filename%3Aproftpdpasswd&type=Code,0,
filename:recentservers.xml,https://github.com/search?q=org%3AIBM+filename%3Arecentservers.xml&type=Code,0,
filename:recentservers.xml Pass,https://github.com/search?q=org%3AIBM+filename%3Arecentservers.xml+Pass&type=Code,0,
filename:robomongo.json,https://github.com/search?q=org%3AIBM+filename%3Arobomongo.json&type=Code,0,
filename:s3cfg,https://github.com/search?q=org%3AIBM+filename%3As3cfg&type=Code,0,
filename:server.cfg rcon password,https://github.com/search?q=org%3AIBM+filename%3Aserver.cfg+rcon+password&type=Code,0,
filename:sftp-config.json,https://github.com/search?q=org%3AIBM+filename%3Asftp-config.json&type=Code,0,
filename:sftp.json path:.vscode,https://github.com/search?q=org%3AIBM+filename%3Asftp.json+path%3A.vscode&type=Code,0,
filename:shadow path:etc,https://github.com/search?q=org%3AIBM+filename%3Ashadow+path%3Aetc&type=Code,0,
filename:tugboat,https://github.com/search?q=org%3AIBM+filename%3Atugboat&type=Code,0,
filename:ventrilo_srv.ini,https://github.com/search?q=org%3AIBM+filename%3Aventrilo_srv.ini&type=Code,0,
filename:WebServers.xml,https://github.com/search?q=org%3AIBM+filename%3AWebServers.xml&type=Code,0,
filename:wp-config,https://github.com/search?q=org%3AIBM+filename%3Awp-config&type=Code,0,
filename:wp-config.php,https://github.com/search?q=org%3AIBM+filename%3Awp-config.php&type=Code,0,
filename:zhrc,https://github.com/search?q=org%3AIBM+filename%3Azhrc&type=Code,0,
flickr_api_key,https://github.com/search?q=org%3AIBM+flickr_api_key&type=Code,0,
fossa_api_key,https://github.com/search?q=org%3AIBM+fossa_api_key&type=Code,0,
gatsby_wordpress_base_url,https://github.com/search?q=org%3AIBM+gatsby_wordpress_base_url&type=Code,0,
gatsby_wordpress_client_id,https://github.com/search?q=org%3AIBM+gatsby_wordpress_client_id&type=Code,0,
gatsby_wordpress_user,https://github.com/search?q=org%3AIBM+gatsby_wordpress_user&type=Code,0,
gh_api_key,https://github.com/search?q=org%3AIBM+gh_api_key&type=Code,0,
ghost_api_key,https://github.com/search?q=org%3AIBM+ghost_api_key&type=Code,0,
github_deploy_hb_doc_pass,https://github.com/search?q=org%3AIBM+github_deploy_hb_doc_pass&type=Code,0,
github_key,https://github.com/search?q=org%3AIBM+github_key&type=Code,0,
github_password,https://github.com/search?q=org%3AIBM+github_password&type=Code,0,
gmail_password,https://github.com/search?q=org%3AIBM+gmail_password&type=Code,0,
gmail_username,https://github.com/search?q=org%3AIBM+gmail_username&type=Code,0,
google_maps_api_key,https://github.com/search?q=org%3AIBM+google_maps_api_key&type=Code,0,
google_secret,https://github.com/search?q=org%3AIBM+google_secret&type=Code,0,
google_server_key,https://github.com/search?q=org%3AIBM+google_server_key&type=Code,0,
HEROKU_API_KEY language:json,https://github.com/search?q=org%3AIBM+HEROKU_API_KEY+language%3Ajson&type=Code,0,
HEROKU_API_KEY language:shell,https://github.com/search?q=org%3AIBM+HEROKU_API_KEY+language%3Ashell&type=Code,0,
heroku_oauth,https://github.com/search?q=org%3AIBM+heroku_oauth&type=Code,0,
heroku_oauth_secret,https://github.com/search?q=org%3AIBM+heroku_oauth_secret&type=Code,0,
heroku_oauth_token,https://github.com/search?q=org%3AIBM+heroku_oauth_token&type=Code,0,
heroku_secret,https://github.com/search?q=org%3AIBM+heroku_secret&type=Code,0,
heroku_secret_token,https://github.com/search?q=org%3AIBM+heroku_secret_token&type=Code,0,
HOMEBREW_GITHUB_API_TOKEN language:shell,https://github.com/search?q=org%3AIBM+HOMEBREW_GITHUB_API_TOKEN+language%3Ashell&type=Code,0,
htaccess_pass,https://github.com/search?q=org%3AIBM+htaccess_pass&type=Code,0,
htaccess_user,https://github.com/search?q=org%3AIBM+htaccess_user&type=Code,0,
incident_channel_name,https://github.com/search?q=org%3AIBM+incident_channel_name&type=Code,0,
irc_pass,https://github.com/search?q=org%3AIBM+irc_pass&type=Code,0,
jsforce extension:js conn.login,https://github.com/search?q=org%3AIBM+jsforce+extension%3Ajs+conn.login&type=Code,0,
jwt_client_secret_key,https://github.com/search?q=org%3AIBM+jwt_client_secret_key&type=Code,0,
jwt_lookup_secert_key,https://github.com/search?q=org%3AIBM+jwt_lookup_secert_key&type=Code,0,
jwt_password,https://github.com/search?q=org%3AIBM+jwt_password&type=Code,0,
jwt_secret_key,https://github.com/search?q=org%3AIBM+jwt_secret_key&type=Code,0,
jwt_user,https://github.com/search?q=org%3AIBM+jwt_user&type=Code,0,
jwt_web_secert_key,https://github.com/search?q=org%3AIBM+jwt_web_secert_key&type=Code,0,
jwt_xmpp_secert_key,https://github.com/search?q=org%3AIBM+jwt_xmpp_secert_key&type=Code,0,
ldap_username,https://github.com/search?q=org%3AIBM+ldap_username&type=Code,0,
ll_shared_key,https://github.com/search?q=org%3AIBM+ll_shared_key&type=Code,0,
location_protocol,https://github.com/search?q=org%3AIBM+location_protocol&type=Code,0,
log_channel,https://github.com/search?q=org%3AIBM+log_channel&type=Code,0,
lottie_happo_api_key,https://github.com/search?q=org%3AIBM+lottie_happo_api_key&type=Code,0,
lottie_happo_secret_key,https://github.com/search?q=org%3AIBM+lottie_happo_secret_key&type=Code,0,
lottie_s3_api_key,https://github.com/search?q=org%3AIBM+lottie_s3_api_key&type=Code,0,
lottie_s3_secret_key,https://github.com/search?q=org%3AIBM+lottie_s3_secret_key&type=Code,0,
mail_password,https://github.com/search?q=org%3AIBM+mail_password&type=Code,0,
mail_port,https://github.com/search?q=org%3AIBM+mail_port&type=Code,0,
mailchimp_api_key,https://github.com/search?q=org%3AIBM+mailchimp_api_key&type=Code,0,
mailchimp_key,https://github.com/search?q=org%3AIBM+mailchimp_key&type=Code,0,
mailgun_key,https://github.com/search?q=org%3AIBM+mailgun_key&type=Code,0,
mailgun_password,https://github.com/search?q=org%3AIBM+mailgun_password&type=Code,0,
mailgun_priv_key,https://github.com/search?q=org%3AIBM+mailgun_priv_key&type=Code,0,
mailgun_secret_api_key,https://github.com/search?q=org%3AIBM+mailgun_secret_api_key&type=Code,0,
manage_key,https://github.com/search?q=org%3AIBM+manage_key&type=Code,0,
mandrill_api_key,https://github.com/search?q=org%3AIBM+mandrill_api_key&type=Code,0,
mg_api_key,https://github.com/search?q=org%3AIBM+mg_api_key&type=Code,0,
mg_public_api_key,https://github.com/search?q=org%3AIBM+mg_public_api_key&type=Code,0,
mile_zero_key,https://github.com/search?q=org%3AIBM+mile_zero_key&type=Code,0,
mix_pusher_app_cluster,https://github.com/search?q=org%3AIBM+mix_pusher_app_cluster&type=Code,0,
mix_pusher_app_key,https://github.com/search?q=org%3AIBM+mix_pusher_app_key&type=Code,0,
msg nickserv identify filename:config,https://github.com/search?q=org%3AIBM+msg+nickserv+identify+filename%3Aconfig&type=Code,0,
mydotfiles,https://github.com/search?q=org%3AIBM+mydotfiles&type=Code,0,
netlify_api_key,https://github.com/search?q=org%3AIBM+netlify_api_key&type=Code,0,
node_pre_gyp_accesskeyid,https://github.com/search?q=org%3AIBM+node_pre_gyp_accesskeyid&type=Code,0,
node_pre_gyp_secretaccesskey,https://github.com/search?q=org%3AIBM+node_pre_gyp_secretaccesskey&type=Code,0,
npm_api_key,https://github.com/search?q=org%3AIBM+npm_api_key&type=Code,0,
npm_secret_key,https://github.com/search?q=org%3AIBM+npm_secret_key&type=Code,0,
nuget_api_key,https://github.com/search?q=org%3AIBM+nuget_api_key&type=Code,0,
nuget_apikey,https://github.com/search?q=org%3AIBM+nuget_apikey&type=Code,0,
nuget_key,https://github.com/search?q=org%3AIBM+nuget_key&type=Code,0,
octest_app_password,https://github.com/search?q=org%3AIBM+octest_app_password&type=Code,0,
octest_password,https://github.com/search?q=org%3AIBM+octest_password&type=Code,0,
okta_key,https://github.com/search?q=org%3AIBM+okta_key&type=Code,0,
omise_key,https://github.com/search?q=org%3AIBM+omise_key&type=Code,0,
onesignal_api_key,https://github.com/search?q=org%3AIBM+onesignal_api_key&type=Code,0,
onesignal_user_auth_key,https://github.com/search?q=org%3AIBM+onesignal_user_auth_key&type=Code,0,
org_gradle_project_sonatype_nexus_password,https://github.com/search?q=org%3AIBM+org_gradle_project_sonatype_nexus_password&type=Code,0,
org_project_gradle_sonatype_nexus_password,https://github.com/search?q=org%3AIBM+org_project_gradle_sonatype_nexus_password&type=Code,0,
pagerduty_apikey,https://github.com/search?q=org%3AIBM+pagerduty_apikey&type=Code,0,
parse_js_key,https://github.com/search?q=org%3AIBM+parse_js_key&type=Code,0,
path:sites databases password,https://github.com/search?q=org%3AIBM+path%3Asites+databases+password&type=Code,0,
paypal_secret,https://github.com/search?q=org%3AIBM+paypal_secret&type=Code,0,
paypal_token,https://github.com/search?q=org%3AIBM+paypal_token&type=Code,0,
personal_key,https://github.com/search?q=org%3AIBM+personal_key&type=Code,0,
playbooks_url,https://github.com/search?q=org%3AIBM+playbooks_url&type=Code,0,
plotly_apikey,https://github.com/search?q=org%3AIBM+plotly_apikey&type=Code,0,
plugin_password,https://github.com/search?q=org%3AIBM+plugin_password&type=Code,0,
postgres_env_postgres_password,https://github.com/search?q=org%3AIBM+postgres_env_postgres_password&type=Code,0,
postgresql_pass,https://github.com/search?q=org%3AIBM+postgresql_pass&type=Code,0,
private_signing_password,https://github.com/search?q=org%3AIBM+private_signing_password&type=Code,0,
prod_password,https://github.com/search?q=org%3AIBM+prod_password&type=Code,0,
prod.access.key.id,https://github.com/search?q=org%3AIBM+prod.access.key.id&type=Code,0,
prod.secret.key,https://github.com/search?q=org%3AIBM+prod.secret.key&type=Code,0,
PT_TOKEN language:bash,https://github.com/search?q=org%3AIBM+PT_TOKEN+language%3Abash&type=Code,0,
publish_key,https://github.com/search?q=org%3AIBM+publish_key&type=Code,0,
pusher_app_id,https://github.com/search?q=org%3AIBM+pusher_app_id&type=Code,0,
queue_driver,https://github.com/search?q=org%3AIBM+queue_driver&type=Code,0,
rds.amazonaws.com password,https://github.com/search?q=org%3AIBM+rds.amazonaws.com+password&type=Code,0,
response_auth_jwt_secret,https://github.com/search?q=org%3AIBM+response_auth_jwt_secret&type=Code,0,
rinkeby_private_key,https://github.com/search?q=org%3AIBM+rinkeby_private_key&type=Code,0,
ropsten_private_key,https://github.com/search?q=org%3AIBM+ropsten_private_key&type=Code,0,
route53_access_key_id,https://github.com/search?q=org%3AIBM+route53_access_key_id&type=Code,0,
rtd_key_pass,https://github.com/search?q=org%3AIBM+rtd_key_pass&type=Code,0,
rtd_store_pass,https://github.com/search?q=org%3AIBM+rtd_store_pass&type=Code,0,
s3_key_app_logs,https://github.com/search?q=org%3AIBM+s3_key_app_logs&type=Code,0,
s3_key_assets,https://github.com/search?q=org%3AIBM+s3_key_assets&type=Code,0,
salesforce_password,https://github.com/search?q=org%3AIBM+salesforce_password&type=Code,0,
sandbox_aws_access_key_id,https://github.com/search?q=org%3AIBM+sandbox_aws_access_key_id&type=Code,0,
sandbox_aws_secret_access_key,https://github.com/search?q=org%3AIBM+sandbox_aws_secret_access_key&type=Code,0,
secret_bearer,https://github.com/search?q=org%3AIBM+secret_bearer&type=Code,0,
sendgrid_key,https://github.com/search?q=org%3AIBM+sendgrid_key&type=Code,0,
sendgrid_password,https://github.com/search?q=org%3AIBM+sendgrid_password&type=Code,0,
ses_access_key,https://github.com/search?q=org%3AIBM+ses_access_key&type=Code,0,
ses_secret_key,https://github.com/search?q=org%3AIBM+ses_secret_key&type=Code,0,
setdstaccesskey,https://github.com/search?q=org%3AIBM+setdstaccesskey&type=Code,0,
sf_username,https://github.com/search?q=org%3AIBM+sf_username&type=Code,0,
SF_USERNAME salesforce,https://github.com/search?q=org%3AIBM+SF_USERNAME+salesforce&type=Code,0,
shodan_api_key language:python,https://github.com/search?q=org%3AIBM+shodan_api_key+language%3Apython&type=Code,0,
sid_token,https://github.com/search?q=org%3AIBM+sid_token&type=Code,0,
signing_key_password,https://github.com/search?q=org%3AIBM+signing_key_password&type=Code,0,
signing_key_secret,https://github.com/search?q=org%3AIBM+signing_key_secret&type=Code,0,
slack_key,https://github.com/search?q=org%3AIBM+slack_key&type=Code,0,
slack_outgoing_token,https://github.com/search?q=org%3AIBM+slack_outgoing_token&type=Code,0,
slash_developer_space_key,https://github.com/search?q=org%3AIBM+slash_developer_space_key&type=Code,0,
snoowrap_password,https://github.com/search?q=org%3AIBM+snoowrap_password&type=Code,0,
socrata_password,https://github.com/search?q=org%3AIBM+socrata_password&type=Code,0,
sonar_organization_key,https://github.com/search?q=org%3AIBM+sonar_organization_key&type=Code,0,
sonatype_token_password,https://github.com/search?q=org%3AIBM+sonatype_token_password&type=Code,0,
soundcloud_password,https://github.com/search?q=org%3AIBM+soundcloud_password&type=Code,0,
sql_password,https://github.com/search?q=org%3AIBM+sql_password&type=Code,0,
sqsaccesskey,https://github.com/search?q=org%3AIBM+sqsaccesskey&type=Code,0,
square_access_token,https://github.com/search?q=org%3AIBM+square_access_token&type=Code,0,
square_token,https://github.com/search?q=org%3AIBM+square_token&type=Code,0,
squareSecret,https://github.com/search?q=org%3AIBM+squareSecret&type=Code,0,
ssh2_auth_password,https://github.com/search?q=org%3AIBM+ssh2_auth_password&type=Code,0,
stormpath_api_key_id,https://github.com/search?q=org%3AIBM+stormpath_api_key_id&type=Code,0,
stormpath_api_key_secret,https://github.com/search?q=org%3AIBM+stormpath_api_key_secret&type=Code,0,
strip_secret_key,https://github.com/search?q=org%3AIBM+strip_secret_key&type=Code,0,
stripe_key,https://github.com/search?q=org%3AIBM+stripe_key&type=Code,0,
stripe_secret,https://github.com/search?q=org%3AIBM+stripe_secret&type=Code,0,
stripToken,https://github.com/search?q=org%3AIBM+stripToken&type=Code,0,
svn_pass,https://github.com/search?q=org%3AIBM+svn_pass&type=Code,0,
tesco_api_key,https://github.com/search?q=org%3AIBM+tesco_api_key&type=Code,0,
tester_keys_password,https://github.com/search?q=org%3AIBM+tester_keys_password&type=Code,0,
thera_oss_access_key,https://github.com/search?q=org%3AIBM+thera_oss_access_key&type=Code,0,
trusted_hosts,https://github.com/search?q=org%3AIBM+trusted_hosts&type=Code,0,
twilio_accountsid,https://github.com/search?q=org%3AIBM+twilio_accountsid&type=Code,0,
twilio_secret,https://github.com/search?q=org%3AIBM+twilio_secret&type=Code,0,
twilio_secret_token,https://github.com/search?q=org%3AIBM+twilio_secret_token&type=Code,0,
twilio_token,https://github.com/search?q=org%3AIBM+twilio_token&type=Code,0,
twilioapiauth,https://github.com/search?q=org%3AIBM+twilioapiauth&type=Code,0,
twiliosecret,https://github.com/search?q=org%3AIBM+twiliosecret&type=Code,0,
twitterKey,https://github.com/search?q=org%3AIBM+twitterKey&type=Code,0,
zen_tkn,https://github.com/search?q=org%3AIBM+zen_tkn&type=Code,0,
zen_token,https://github.com/search?q=org%3AIBM+zen_token&type=Code,0,
zendesk_url,https://github.com/search?q=org%3AIBM+zendesk_url&type=Code,0,
twilio_account_id,https://github.com/search?q=org%3AIBM+twilio_account_id&type=Code,0,
twilio_account_secret,https://github.com/search?q=org%3AIBM+twilio_account_secret&type=Code,0,
twilio_acount_sid NOT env,https://github.com/search?q=org%3AIBM+twilio_acount_sid+NOT+env&type=Code,0,
twilio_api,https://github.com/search?q=org%3AIBM+twilio_api&type=Code,0,
twilio_api_auth,https://github.com/search?q=org%3AIBM+twilio_api_auth&type=Code,0,
twilio_api_sid,https://github.com/search?q=org%3AIBM+twilio_api_sid&type=Code,0,
twilio_api_token,https://github.com/search?q=org%3AIBM+twilio_api_token&type=Code,0,
zen_key,https://github.com/search?q=org%3AIBM+zen_key&type=Code,0,
zendesk_api_token,https://github.com/search?q=org%3AIBM+zendesk_api_token&type=Code,0,
zendesk_key,https://github.com/search?q=org%3AIBM+zendesk_key&type=Code,0,
zendesk_token,https://github.com/search?q=org%3AIBM+zendesk_token&type=Code,0,
zendesk_username,https://github.com/search?q=org%3AIBM+zendesk_username&type=Code,0,
app_debug,https://github.com/search?q=org%3AIBM+app_debug&type=Code,1,
app_secret,https://github.com/search?q=org%3AIBM+app_secret&type=Code,1,
aws_key,https://github.com/search?q=org%3AIBM+aws_key&type=Code,1,
aws_secret,https://github.com/search?q=org%3AIBM+aws_secret&type=Code,1,
cache_s3_secret_key,https://github.com/search?q=org%3AIBM+cache_s3_secret_key&type=Code,1,
docker_key,https://github.com/search?q=org%3AIBM+docker_key&type=Code,1,
extension:sql mysql dump,https://github.com/search?q=org%3AIBM+extension%3Asql+mysql+dump&type=Code,1,
extension:sql mysql dump password,https://github.com/search?q=org%3AIBM+extension%3Asql+mysql+dump+password&type=Code,1,
extension:zsh,https://github.com/search?q=org%3AIBM+extension%3Azsh&type=Code,1,
filename:_netrc password,https://github.com/search?q=org%3AIBM+filename%3A_netrc+password&type=Code,1,
filename:.git-credentials,https://github.com/search?q=org%3AIBM+filename%3A.git-credentials&type=Code,1,
filename:.netrc password,https://github.com/search?q=org%3AIBM+filename%3A.netrc+password&type=Code,1,
filename:.sh_history,https://github.com/search?q=org%3AIBM+filename%3A.sh_history&type=Code,1,
filename:config.json auths,https://github.com/search?q=org%3AIBM+filename%3Aconfig.json+auths&type=Code,1,
filename:git-credentials,https://github.com/search?q=org%3AIBM+filename%3Agit-credentials&type=Code,1,
filename:netrc,https://github.com/search?q=org%3AIBM+filename%3Anetrc&type=Code,1,
filename:prod.exs,https://github.com/search?q=org%3AIBM+filename%3Aprod.exs&type=Code,1,
filename:sshd_config,https://github.com/search?q=org%3AIBM+filename%3Asshd_config&type=Code,1,
ldap_password,https://github.com/search?q=org%3AIBM+ldap_password&type=Code,1,
linux_signing_key,https://github.com/search?q=org%3AIBM+linux_signing_key&type=Code,1,
npmrc _auth,https://github.com/search?q=org%3AIBM+npmrc+_auth&type=Code,1,
ossrh_jira_password,https://github.com/search?q=org%3AIBM+ossrh_jira_password&type=Code,1,
ossrh_pass,https://github.com/search?q=org%3AIBM+ossrh_pass&type=Code,1,
rest_api_key,https://github.com/search?q=org%3AIBM+rest_api_key&type=Code,1,
secret_token,https://github.com/search?q=org%3AIBM+secret_token&type=Code,1,
sonar_project_key,https://github.com/search?q=org%3AIBM+sonar_project_key&type=Code,1,
strip_key,https://github.com/search?q=org%3AIBM+strip_key&type=Code,1,
api_key_secret,https://github.com/search?q=org%3AIBM+api_key_secret&type=Code,2,
application_key,https://github.com/search?q=org%3AIBM+application_key&type=Code,2,
aws_bucket,https://github.com/search?q=org%3AIBM+aws_bucket&type=Code,2,
bluemix_pass,https://github.com/search?q=org%3AIBM+bluemix_pass&type=Code,2,
dbpasswd,https://github.com/search?q=org%3AIBM+dbpasswd&type=Code,2,
dockerhub_password,https://github.com/search?q=org%3AIBM+dockerhub_password&type=Code,2,
filename:.bash_history,https://github.com/search?q=org%3AIBM+filename%3A.bash_history&type=Code,2,
filename:.htpasswd,https://github.com/search?q=org%3AIBM+filename%3A.htpasswd&type=Code,2,
filename:bash_history,https://github.com/search?q=org%3AIBM+filename%3Abash_history&type=Code,2,
filename:dhcpd.conf,https://github.com/search?q=org%3AIBM+filename%3Adhcpd.conf&type=Code,2,
filename:gitconfig,https://github.com/search?q=org%3AIBM+filename%3Agitconfig&type=Code,2,
filename:htpasswd,https://github.com/search?q=org%3AIBM+filename%3Ahtpasswd&type=Code,2,
filename:id_rsa,https://github.com/search?q=org%3AIBM+filename%3Aid_rsa&type=Code,2,
google_private_key,https://github.com/search?q=org%3AIBM+google_private_key&type=Code,2,
magento password,https://github.com/search?q=org%3AIBM+magento+password&type=Code,2,
mh_apikey,https://github.com/search?q=org%3AIBM+mh_apikey&type=Code,2,
openwhisk_key,https://github.com/search?q=org%3AIBM+openwhisk_key&type=Code,2,
s3_secret_key,https://github.com/search?q=org%3AIBM+s3_secret_key&type=Code,2,Done!
setsecretkey,https://github.com/search?q=org%3AIBM+setsecretkey&type=Code,2,
app_log_level,https://github.com/search?q=org%3AIBM+app_log_level&type=Code,3,
bx_password,https://github.com/search?q=org%3AIBM+bx_password&type=Code,3,
db_server,https://github.com/search?q=org%3AIBM+db_server&type=Code,3,
filename:bash_profile,https://github.com/search?q=org%3AIBM+filename%3Abash_profile&type=Code,3,
filename:settings.py SECRET_KEY,https://github.com/search?q=org%3AIBM+filename%3Asettings.py+SECRET_KEY&type=Code,3,
mh_password,https://github.com/search?q=org%3AIBM+mh_password&type=Code,3,
npm_password,https://github.com/search?q=org%3AIBM+npm_password&type=Code,3,
s3_access_key_id,https://github.com/search?q=org%3AIBM+s3_access_key_id&type=Code,3,
send_keys,https://github.com/search?q=org%3AIBM+send_keys&type=Code,3,
TWILIO_SID NOT env,https://github.com/search?q=org%3AIBM+TWILIO_SID+NOT+env&type=Code,3,
twitter_secret,https://github.com/search?q=org%3AIBM+twitter_secret&type=Code,3,
xoxb,https://github.com/search?q=org%3AIBM+xoxb&type=Code,3,
app_key,https://github.com/search?q=org%3AIBM+app_key&type=Code,4,
docker_hub_password,https://github.com/search?q=org%3AIBM+docker_hub_password&type=Code,4,
github_id,https://github.com/search?q=org%3AIBM+github_id&type=Code,4,
gpg_key_name,https://github.com/search?q=org%3AIBM+gpg_key_name&type=Code,4,
jwt_secret,https://github.com/search?q=org%3AIBM+jwt_secret&type=Code,4,
secret_key_base,https://github.com/search?q=org%3AIBM+secret_key_base&type=Code,4,
slack_api,https://github.com/search?q=org%3AIBM+slack_api&type=Code,4,
slack_channel,https://github.com/search?q=org%3AIBM+slack_channel&type=Code,4,
sonatype_password,https://github.com/search?q=org%3AIBM+sonatype_password&type=Code,4,
dotfiles,https://github.com/search?q=org%3AIBM+dotfiles&type=Code,5,
filename:bashrc,https://github.com/search?q=org%3AIBM+filename%3Abashrc&type=Code,5,
filename:secrets.yml password,https://github.com/search?q=org%3AIBM+filename%3Asecrets.yml+password&type=Code,5,
filename:server.cfg,https://github.com/search?q=org%3AIBM+filename%3Aserver.cfg&type=Code,5,
mailgun apikey,https://github.com/search?q=org%3AIBM+mailgun+apikey&type=Code,5,
master_key,https://github.com/search?q=org%3AIBM+master_key&type=Code,5,
s3_access_key,https://github.com/search?q=org%3AIBM+s3_access_key&type=Code,5,
s3_key,https://github.com/search?q=org%3AIBM+s3_key&type=Code,5,
slack_signing_secret,https://github.com/search?q=org%3AIBM+slack_signing_secret&type=Code,5,
slack_token,https://github.com/search?q=org%3AIBM+slack_token&type=Code,5,
AWSSecretKey,https://github.com/search?q=org%3AIBM+AWSSecretKey&type=Code,6,
bintray_apikey,https://github.com/search?q=org%3AIBM+bintray_apikey&type=Code,6,
github_api_key,https://github.com/search?q=org%3AIBM+github_api_key&type=Code,6,
twilio_api_key,https://github.com/search?q=org%3AIBM+twilio_api_key&type=Code,6,
twilio_api_secret,https://github.com/search?q=org%3AIBM+twilio_api_secret&type=Code,6,
xoxp,https://github.com/search?q=org%3AIBM+xoxp&type=Code,6,
docker_pass,https://github.com/search?q=org%3AIBM+docker_pass&type=Code,7,
os_password,https://github.com/search?q=org%3AIBM+os_password&type=Code,7,
ftp_password,https://github.com/search?q=org%3AIBM+ftp_password&type=Code,8,
twilio_account_sid,https://github.com/search?q=org%3AIBM+twilio_account_sid&type=Code,8,
twine_password,https://github.com/search?q=org%3AIBM+twine_password&type=Code,8,
admin_pass,https://github.com/search?q=org%3AIBM+admin_pass&type=Code,9,
mailgun,https://github.com/search?q=org%3AIBM+mailgun&type=Code,9,
filename:credentials aws_access_key_id,https://github.com/search?q=org%3AIBM+filename%3Acredentials+aws_access_key_id&type=Code,10,
JEKYLL_GITHUB_TOKEN,https://github.com/search?q=org%3AIBM+JEKYLL_GITHUB_TOKEN&type=Code,10,
object_storage_password,https://github.com/search?q=org%3AIBM+object_storage_password&type=Code,10,
root_password,https://github.com/search?q=org%3AIBM+root_password&type=Code,10,
sauce_access_key,https://github.com/search?q=org%3AIBM+sauce_access_key&type=Code,10,
elasticsearch_password,https://github.com/search?q=org%3AIBM+elasticsearch_password&type=Code,11,
filename:composer.json,https://github.com/search?q=org%3AIBM+filename%3Acomposer.json&type=Code,11,
sendgrid_api_key,https://github.com/search?q=org%3AIBM+sendgrid_api_key&type=Code,11,
storePassword,https://github.com/search?q=org%3AIBM+storePassword&type=Code,11,
appsecret,https://github.com/search?q=org%3AIBM+appsecret&type=Code,12,
consumer_key,https://github.com/search?q=org%3AIBM+consumer_key&type=Code,12,
consumer_secret,https://github.com/search?q=org%3AIBM+consumer_secret&type=Code,12,
filename:.env DB_USERNAME NOT homestead,https://github.com/search?q=org%3AIBM+filename%3A.env+DB_USERNAME+NOT+homestead&type=Code,12,
preprod,https://github.com/search?q=org%3AIBM+preprod&type=Code,12,
rabbitmq_password,https://github.com/search?q=org%3AIBM+rabbitmq_password&type=Code,12,
oauth_token,https://github.com/search?q=org%3AIBM+oauth_token&type=Code,13,
security_credentials,https://github.com/search?q=org%3AIBM+security_credentials&type=Code,13,
slack_webhook,https://github.com/search?q=org%3AIBM+slack_webhook&type=Code,13,
authorizationToken,https://github.com/search?q=org%3AIBM+authorizationToken&type=Code,14,
database_password,https://github.com/search?q=org%3AIBM+database_password&type=Code,14,
apiSecret,https://github.com/search?q=org%3AIBM+apiSecret&type=Code,15,
jwt_token,https://github.com/search?q=org%3AIBM+jwt_token&type=Code,15,
nexus_password,https://github.com/search?q=org%3AIBM+nexus_password&type=Code,16,
cloud_api_key,https://github.com/search?q=org%3AIBM+cloud_api_key&type=Code,17,
x-api-key,https://github.com/search?q=org%3AIBM+x-api-key&type=Code,17,
sendkeys,https://github.com/search?q=org%3AIBM+sendkeys&type=Code,18,
gpg_keyname,https://github.com/search?q=org%3AIBM+gpg_keyname&type=Code,19,
herokuapp,https://github.com/search?q=org%3AIBM+herokuapp&type=Code,19,
ossrh_password,https://github.com/search?q=org%3AIBM+ossrh_password&type=Code,19,
encryption_password,https://github.com/search?q=org%3AIBM+encryption_password&type=Code,22,
appkey,https://github.com/search?q=org%3AIBM+appkey&type=Code,23,
send.keys,https://github.com/search?q=org%3AIBM+send.keys&type=Code,23,
minio_secret_key,https://github.com/search?q=org%3AIBM+minio_secret_key&type=Code,24,
encryption_key,https://github.com/search?q=org%3AIBM+encryption_key&type=Code,25,
mapbox api key,https://github.com/search?q=org%3AIBM+mapbox+api+key&type=Code,25,
minio_access_key,https://github.com/search?q=org%3AIBM+minio_access_key&type=Code,26,
appspot,https://github.com/search?q=org%3AIBM+appspot&type=Code,28,
keyPassword,https://github.com/search?q=org%3AIBM+keyPassword&type=Code,28,
filename:npmrc,https://github.com/search?q=org%3AIBM+filename%3Anpmrc&type=Code,29,
gpg_passphrase,https://github.com/search?q=org%3AIBM+gpg_passphrase&type=Code,29,
bashrc password,https://github.com/search?q=org%3AIBM+bashrc+password&type=Code,32,
extension:exs,https://github.com/search?q=org%3AIBM+extension%3Aexs&type=Code,32,
aws_secret_key,https://github.com/search?q=org%3AIBM+aws_secret_key&type=Code,33,
connectionstring,https://github.com/search?q=org%3AIBM+connectionstring&type=Code,37,
mysql_root_password,https://github.com/search?q=org%3AIBM+mysql_root_password&type=Code,38,
admin_user,https://github.com/search?q=org%3AIBM+admin_user&type=Code,39,
firebase,https://github.com/search?q=org%3AIBM+firebase&type=Code,39,
bluemix_api_key,https://github.com/search?q=org%3AIBM+bluemix_api_key&type=Code,42,
testuser,https://github.com/search?q=org%3AIBM+testuser&type=Code,50,
twilio secret,https://github.com/search?q=org%3AIBM+twilio+secret&type=Code,52,
nexus password,https://github.com/search?q=org%3AIBM+nexus+password&type=Code,54,
gh_token,https://github.com/search?q=org%3AIBM+gh_token&type=Code,55,
secret.password,https://github.com/search?q=org%3AIBM+secret.password&type=Code,55,
extension:pem private,https://github.com/search?q=org%3AIBM+extension%3Apem+private&type=Code,56,
codecov_token,https://github.com/search?q=org%3AIBM+codecov_token&type=Code,60,
mailchimp,https://github.com/search?q=org%3AIBM+mailchimp&type=Code,61,
dbpassword,https://github.com/search?q=org%3AIBM+dbpassword&type=Code,62,
api_secret,https://github.com/search?q=org%3AIBM+api_secret&type=Code,66,
filename:connections,https://github.com/search?q=org%3AIBM+filename%3Aconnections&type=Code,78,
redis_password,https://github.com/search?q=org%3AIBM+redis_password&type=Code,80,
sshpass,https://github.com/search?q=org%3AIBM+sshpass&type=Code,81,
app_id,https://github.com/search?q=org%3AIBM+app_id&type=Code,88,
db_username,https://github.com/search?q=org%3AIBM+db_username&type=Code,90,
extension:env,https://github.com/search?q=org%3AIBM+extension%3Aenv&type=Code,95,
authsecret,https://github.com/search?q=org%3AIBM+authsecret&type=Code,97,
filename:bash,https://github.com/search?q=org%3AIBM+filename%3Abash&type=Code,109,
docker_password,https://github.com/search?q=org%3AIBM+docker_password&type=Code,110,
access_key,https://github.com/search?q=org%3AIBM+access_key&type=Code,113,
auth_token,https://github.com/search?q=org%3AIBM+auth_token&type=Code,119,
dbuser,https://github.com/search?q=org%3AIBM+dbuser&type=Code,119,
secret_key,https://github.com/search?q=org%3AIBM+secret_key&type=Code,125,
db_password,https://github.com/search?q=org%3AIBM+db_password&type=Code,126,
github_token,https://github.com/search?q=org%3AIBM+github_token&type=Code,126,
secretaccesskey,https://github.com/search?q=org%3AIBM+secretaccesskey&type=Code,131,
private_key,https://github.com/search?q=org%3AIBM+private_key&type=Code,138,
stg,https://github.com/search?q=org%3AIBM+stg&type=Code,140,
secret_access_key,https://github.com/search?q=org%3AIBM+secret_access_key&type=Code,147,
filename:pass,https://github.com/search?q=org%3AIBM+filename%3Apass&type=Code,153,
extension:bat,https://github.com/search?q=org%3AIBM+extension%3Abat&type=Code,160,
cloudant_password,https://github.com/search?q=org%3AIBM+cloudant_password&type=Code,175,
client_secret,https://github.com/search?q=org%3AIBM+client_secret&type=Code,196,
password travis,https://github.com/search?q=org%3AIBM+password+travis&type=Code,204,
extension:cfg,https://github.com/search?q=org%3AIBM+extension%3Acfg&type=Code,214,
extension:ini,https://github.com/search?q=org%3AIBM+extension%3Aini&type=Code,218,
secretkey,https://github.com/search?q=org%3AIBM+secretkey&type=Code,219,
filename:database,https://github.com/search?q=org%3AIBM+filename%3Adatabase&type=Code,236,
aws_access_key_id,https://github.com/search?q=org%3AIBM+aws_access_key_id&type=Code,243,
filename:shadow,https://github.com/search?q=org%3AIBM+filename%3Ashadow&type=Code,253,
mysql password,https://github.com/search?q=org%3AIBM+mysql+password&type=Code,271,
stripe,https://github.com/search?q=org%3AIBM+stripe&type=Code,300,
filename:environment,https://github.com/search?q=org%3AIBM+filename%3Aenvironment&type=Code,337,
access_token,https://github.com/search?q=org%3AIBM+access_token&type=Code,368,
apidocs,https://github.com/search?q=org%3AIBM+apidocs&type=Code,369,
ftp,https://github.com/search?q=org%3AIBM+ftp&type=Code,380,
filename:credentials,https://github.com/search?q=org%3AIBM+filename%3Acredentials&type=Code,464,
node_env,https://github.com/search?q=org%3AIBM+node_env&type=Code,499,
filename:constants,https://github.com/search?q=org%3AIBM+filename%3Aconstants&type=Code,500,
passwords,https://github.com/search?q=org%3AIBM+passwords&type=Code,520,
gitlab,https://github.com/search?q=org%3AIBM+gitlab&type=Code,554,
pem private,https://github.com/search?q=org%3AIBM+pem+private&type=Code,557,
passwd,https://github.com/search?q=org%3AIBM+passwd&type=Code,631,
mysql,https://github.com/search?q=org%3AIBM+mysql&type=Code,653,
amazonaws,https://github.com/search?q=org%3AIBM+amazonaws&type=Code,654,
api_key,https://github.com/search?q=org%3AIBM+api_key&type=Code,730,
extension:sql,https://github.com/search?q=org%3AIBM+extension%3Asql&type=Code,770,
filename:settings,https://github.com/search?q=org%3AIBM+filename%3Asettings&type=Code,773,
extension:pem,https://github.com/search?q=org%3AIBM+extension%3Apem&type=Code,786,
staging,https://github.com/search?q=org%3AIBM+staging&type=Code,800,
filename:global,https://github.com/search?q=org%3AIBM+filename%3Aglobal&type=Code,805,
filename:env,https://github.com/search?q=org%3AIBM+filename%3Aenv&type=Code,831,
filename:.history,https://github.com/search?q=org%3AIBM+filename%3A.history&type=Code,1151,
filename:history,https://github.com/search?q=org%3AIBM+filename%3Ahistory&type=Code,1151,
filename:spec,https://github.com/search?q=org%3AIBM+filename%3Aspec&type=Code,1245,
extension:properties,https://github.com/search?q=org%3AIBM+extension%3Aproperties&type=Code,1352,
swagger,https://github.com/search?q=org%3AIBM+swagger&type=Code,1410,
ssh,https://github.com/search?q=org%3AIBM+ssh&type=Code,1871,
secret access key,https://github.com/search?q=org%3AIBM+secret+access+key&type=Code,2134,
apikey,https://github.com/search?q=org%3AIBM+apikey&type=Code,2490,
secure,https://github.com/search?q=org%3AIBM+secure&type=Code,2890,
filename:makefile,https://github.com/search?q=org%3AIBM+filename%3Amakefile&type=Code,3298,
pwd,https://github.com/search?q=org%3AIBM+pwd&type=Code,3338,
login,https://github.com/search?q=org%3AIBM+login&type=Code,4418,
filename:config,https://github.com/search?q=org%3AIBM+filename%3Aconfig&type=Code,4761,
secrets,https://github.com/search?q=org%3AIBM+secrets&type=Code,5204,
credentials,https://github.com/search?q=org%3AIBM+credentials&type=Code,5699,
prod,https://github.com/search?q=org%3AIBM+prod&type=Code,5807,
extension:sh,https://github.com/search?q=org%3AIBM+extension%3Ash&type=Code,6616,
pass,https://github.com/search?q=org%3AIBM+pass&type=Code,9223,
secret,https://github.com/search?q=org%3AIBM+secret&type=Code,9299,
token,https://github.com/search?q=org%3AIBM+token&type=Code,11690,
password,https://github.com/search?q=org%3AIBM+password&type=Code,11762,
private -language:java,https://github.com/search?q=org%3AIBM+private+-language%3Ajava&type=Code,14960,
internal,https://github.com/search?q=org%3AIBM+internal&type=Code,15407,
private,https://github.com/search?q=org%3AIBM+private&type=Code,26777,
config,https://github.com/search?q=org%3AIBM+config&type=Code,30233,
language:yaml -filename:travis,https://github.com/search?q=org%3AIBM+language%3Ayaml+-filename%3Atravis&type=Code,30974,
key,https://github.com/search?q=org%3AIBM+key&type=Code,61608,
